<?xml version="1.0"?>
<XML_DIZ_INFO>
	<MASTER_PAD_VERSION_INFO>
		<MASTER_PAD_VERSION>1.15</MASTER_PAD_VERSION>
		<MASTER_PAD_INFO>Portable Application Description, or PAD for short, is a data set that is used by shareware authors to dissemminate information to anyone interested in their software products.  To find out more go to http://www.asp-shareware.org/pad</MASTER_PAD_INFO>
	</MASTER_PAD_VERSION_INFO>
	<Company_Info>
		<Company_Name>East Coast Toolworks, LLC</Company_Name>
		<Address_1>101 Washington Lane, M832</Address_1>
		<Address_2></Address_2>
		<City_Town>Jenkintown</City_Town>
		<State_Province>PA</State_Province>
		<Zip_Postal_Code>19046</Zip_Postal_Code>
		<Country>USA</Country>
		<Company_WebSite_URL>http://www.icegiant.com</Company_WebSite_URL>
		<Contact_Info>
			<Author_First_Name>Mike</Author_First_Name>
			<Author_Last_Name>Schaeffer</Author_Last_Name>
			<Author_Email>mschaef@mschaef.com</Author_Email>
			<Contact_First_Name>Mike</Contact_First_Name>
			<Contact_Last_Name>Schaeffer</Contact_Last_Name>
			<Contact_Email>info@icegiant.com</Contact_Email>
		</Contact_Info>
		<Support_Info>
			<Sales_Email>info@icegiant.com</Sales_Email>
			<Support_Email>info@icegiant.com</Support_Email>
			<General_Email>info@icegiant.com</General_Email>
			<Sales_Phone></Sales_Phone>
			<Support_Phone></Support_Phone>
			<General_Phone></General_Phone>
			<Fax_Phone></Fax_Phone>
		</Support_Info>
	</Company_Info>
	<Program_Info>
		<Program_Name>vCalc</Program_Name>
		<Program_Version>1.0</Program_Version>
		<Program_Release_Month>7</Program_Release_Month>
		<Program_Release_Day>31</Program_Release_Day>
		<Program_Release_Year>2003</Program_Release_Year>
		<Program_Cost_Dollars>10</Program_Cost_Dollars>
		<Program_Cost_Other_Code></Program_Cost_Other_Code>
		<Program_Cost_Other></Program_Cost_Other>
		<Program_Type>Shareware</Program_Type>
		<Program_Release_Status>New Release</Program_Release_Status>
		<Program_Install_Support>No Install Support</Program_Install_Support>
		<Program_OS_Support>Win95,Win98,WinME,WinXP,Windows2000</Program_OS_Support>
		<Program_Language>English</Program_Language>
		<Program_Change_Info></Program_Change_Info>
		<Program_System_Requirements></Program_System_Requirements>
		<Program_Specific_Category>Miscellaneous</Program_Specific_Category>
		<Program_Categories>Browsing, Searching, Imaging</Program_Categories>
		<File_Info>
			<Filename_Versioned>vCalc</Filename_Versioned>
			<Filename_Previous></Filename_Previous>
			<Filename_Generic>vCalc</Filename_Generic>
			<Filename_Long>vcalc.exe</Filename_Long>
			<File_Size_Bytes>823296</File_Size_Bytes>
			<File_Size_K>804</File_Size_K>
			<File_Size_MB>0.8</File_Size_MB>
		</File_Info>
		<Expire_Info>
			<Has_Expire_Info>Y</Has_Expire_Info>
			<Expire_Count>21</Expire_Count>
			<Expire_Based_On>Days</Expire_Based_On>
			<Expire_Other_Info></Expire_Other_Info>
			<Expire_Month></Expire_Month>
			<Expire_Day></Expire_Day>
			<Expire_Year></Expire_Year>
		</Expire_Info>
		<Includes_VB_Runtime>N</Includes_VB_Runtime>
		<Includes_JAVA_VM>N</Includes_JAVA_VM>
		<Includes_DirectX>N</Includes_DirectX>
	</Program_Info>
	<Program_Descriptions>
		<English>
			<Keywords>vCalc RPN Keyboard Scientific Statistical Calculator</Keywords>
			<Char_Desc_45>RPN scientific calculator with keyboard UI</Char_Desc_45>
			<Char_Desc_80>RPN scientific calculator with statistics, binary math, and a keyboard driven UI</Char_Desc_80>
			<Char_Desc_250>vCalc is a keyboard driven scientific calcualtor,
that works using the RPN notation common in well
known scientific calculators. It supports a complete set of math, binary and statistical operations. </Char_Desc_250>
			<Char_Desc_450>vCalc is a keyboard driven scientific calcualtor,
that works using the RPN notation common in well
known scientific calculators. It supports a complete
set of math, binary and statistical operations.

* Keyboard driven user interface 
* Four basic operations on integer and floating point numbers 
* 100 memory registers with a real time watch capability 
* Exponent, Square Root, %, %T, and Delta % 
* Sine, Cosine, Tangent, and their inverses 
* Log and antilog in bases 10, e, and 2. 
* Floor, Ceiling, Truncate, Round, and Absolute Value 
* Factorial/Gamma Function 
* 1 and 2 variable statistics with multiple concurrent datasets 
* Mean, Standard Deviation, Covariance, Population Covariance, Sum 
* Curve Fitting (Linear, Logarithmic, Exponential, and Power) 
* Support for 64-bit integer math with bitwise AND, OR, XOR, and NOT 
* Display and entry of integers in decimal, hexadecimal, and octal 
* Save and Load to disk 
* Clipboard Cut, Copy, and Paste 
* IEEE-754 compliant math </Char_Desc_450>
			<Char_Desc_2000>vCalc is a keyboard driven scientific calcualtor,
that works using the RPN notation common in well
known scientific calculators. It supports a complete
set of math, binary and statistical operations.

* Keyboard driven user interface 
* Four basic operations on integer and floating point numbers 
* 100 memory registers with a real time watch capability 
* Exponent, Square Root, %, %T, and Delta % 
* Sine, Cosine, Tangent, and their inverses 
* Log and antilog in bases 10, e, and 2. 
* Floor, Ceiling, Truncate, Round, and Absolute Value 
* Factorial/Gamma Function 
* 1 and 2 variable statistics with multiple concurrent datasets 
* Mean, Standard Deviation, Covariance, Population Covariance, Sum 
* Curve Fitting (Linear, Logarithmic, Exponential, and Power) 
* Support for 64-bit integer math with bitwise AND, OR, XOR, and NOT 
* Display and entry of integers in decimal, hexadecimal, and octal 
* Save and Load to disk 
* Clipboard Cut, Copy, and Paste 
* IEEE-754 compliant math </Char_Desc_2000>
		</English>
	</Program_Descriptions>
	<Web_Info>
		<Application_URLs>
			<Application_Info_URL>http://www.icegiant.com</Application_Info_URL>
			<Application_Order_URL>http://www.icegiant.com</Application_Order_URL>
			<Application_Screenshot_URL>http://www.icegiant.com/images/ss_valc2.jpg</Application_Screenshot_URL>
			<Application_Icon_URL>http://www.icegiant.com/images/icon_vcalc.gif</Application_Icon_URL>
			<Application_XML_File_URL>http://www.icegiant.com/pads/vcalc.xml</Application_XML_File_URL>
		</Application_URLs>
		<Download_URLs>
			<Primary_Download_URL>http://www.icegiant.com/downloads/vcalc.exe</Primary_Download_URL>
			<Secondary_Download_URL>http://www.icegiant.com/downloads/vcalc.exe</Secondary_Download_URL>
			<Additional_Download_URL_1></Additional_Download_URL_1>
			<Additional_Download_URL_2></Additional_Download_URL_2>
		</Download_URLs>
	</Web_Info>
	<Permissions>
		<Distribution_Permissions>Distribute Freely
</Distribution_Permissions>
		<EULA>User License Agreement

East Coast Toolworks, LLC - Software License Agreement

Copyright (c) 2002, East Coast Toolworks, LLC. All rights reserved.

DEFINITIONS

As used in this agreement, the following terms have the following meanings:

1. ECT - East Coast Toolworks, LLC

2. Reseller - Distributor of Software

3. You - Means you the individual using the software as well as your employer if you are using the software within the scope of your employment.

4. Software - The computer programs from ECT provided with this agreement, which are being installed with accompanying documentation.

GRANT OF LICENSE:
  In consideration of purchase of this software from Reseller or ECT, ECT is willing to provide you with a limited, non-exclusive right to use the software, but only pursuant to the terms and conditions of this Agreement. 

  If you have purchased this software legally, you have acquired a single seat license. You may install and use one copy of the software on a single computer in your workplace. All of the software must be installed and used on the same computer. You are not authorized under the single seat license to install or use any of the software on multiple computers, a network storage device, or other storage device.

RESTRICTIONS &amp; PENALTIES:
  You may not reverse engineer or decompile the software. You may not sell, rent, lease or re-license the software or parts of the software. You agree that if you or your organization alter this software or parts of this software and provide/post patches or illegal keys or patched versions to others to enable this software you and your organization are responsible for **all losses** incurred by East Coast Toolworks, LLC (a minimum of $25,000 US) and losses incurred by parties using the altered versions. You also agree that you are liable for such tampering with the product even if you disclaim it in your release of patches or keys or patched versions. You agree that if you apply a patch to this software and distribute the illegally patched software you agree to pay East Coast Toolworks, LLC for all losses (a minimum of $10,000 US). You agree that "losses" will be calculated as follows: 

  The total number of **all downloads** of East Coast Toolworks, LLC applications (during the the time that the illegal patches, keys or patched versions are being distributed on the internet or by hand) multiplied by the average price of the products.

SOFTWARE KEY:
  The software requires a software key code.   You acknowledge that the software will not function without a certain, unique software key code. You agree that such software key code is to be used solely with the software for which it is provided.

COPYRIGHT: 
  The software is owned by ECT and is protected by applicable copyright laws and international treaty provisions.

LIMITED WARRANTY:
  ECT warrants that the physical media (if any) and physical documentation (if any) are free of defects in workmanship and materials for a period of thirty (30) days from the date of purchase. If the disks or documentation are found to be defective within the warranty period ECT or Reseller will replace the defective items at no cost to you. The entire liability of this warranty is limited to replacement and shall not, under any circumstances, encompass any other damages.

THIS SOFTWARE IS PROVIDED ``AS IS'' AND WITHOUT ANY EXPRESS OR IMPLIED WARRANTIES, INCLUDING, WITHOUT LIMITATION, THE IMPLIED WARRANTIES OF MERCHANTABILITY AND FITNESS FOR A PARTICULAR PURPOSE.  ECT SPECIFICALLY DISCLAIMS ALL OTHER WARRANTIES, EXPRESSED OR IMPLIED. ECT WILL NOT BE HELD RESPONSIBLE FOR USAGE OF ANY PRODUCT THATHAS BEEN TAMPERED WITH.

GOVERNING LAW:
  This license and limited warranty shall be construed, interpreted, and governed by the laws of the State of Pennsylvania, and any action hereunder shall be brought only in Philadelphia, PA. If any provision is found invalid or unenforceable, the balance of this license and limited warranty shall remain valid and enforceable. All rights not specifically granted herein are reserved by ECT.

END OF East Coast Toolworks, LLC - Software License Agreement

ACKNOWLEDGMENT:
  Portions of this software are based in part on the work of George J. Carrette. More details may be found at his website: the http://people.delphiforums.com/gjc/siod.html. Many thanks to Mr. Carrette.</EULA>
	</Permissions>
	<ASP>
		<ASP_Member>N</ASP_Member>
		<ASP_Member_Number></ASP_Member_Number>
	</ASP>
</XML_DIZ_INFO>
